N,sqrt(1/N),Mesh,Cl,Cd,Cdp,Cdv
1060864,0.00097089,2369x449,0.156570808243035,0.0101151451465378,0.001604,0.008512
265216,0.00194178,1185x225,0.156468814408702,0.0100663131138139,0.001621,0.008446
66304,0.00388356,593x113,0.158513199864454,0.0106108897368436,0.001929,0.008682
16576,0.00776712,297x57,0.159339457812329,0.0122213636643338,0.003739,0.008483
4144,0.0155342,149x29,0.156247192915984,0.0238822480321186,0.015082,0.0088
