N,sqrt(1/N),Mesh,x1,x2,x3,x4,x5,x6,x7
1060864,0.00097089,2369x449,0.3240046316439378,0.5128889509941373,0.6952298827564866,0.7776305544386782,0.8442543357696756,0.873925628866835,0.9043292675084635
265216,0.00194178,1185x225,0.3213667332301167,0.5111072451721964,0.6932724876629034,0.7769555755457066,0.8447283753251391,0.8747331940141924,0.9051918896597607
66304,0.00388356,593x113,0.337751841175288,0.5312734958607301,0.7051535019677408,0.7829760152304892,0.847438216139233,0.876712561971026,0.906854461363766
16576,0.00776712,297x57,0.3385195805080042,0.5366506674892773,0.7128640418584985,0.7904956658717596,0.8537210817248806,0.8823503492361363,0.9117453585470852
4144,0.0155342,149x29,0.32991967025031627,0.5597562568093478,0.747194268616709,0.8214682268874326,0.8803880851558099,0.9055774135331532,0.9316088269254035
